:START_ID,:END_ID,:TYPE
501,502,include
501,503,include
501,504,include
505,506,include
505,507,include
505,508,include
509,510,include
509,516,include
509,2,include
509,7,include
510,511,include
510,512,include
510,513,include
510,514,include
510,515,include
516,517,include
516,518,include
516,519,include
516,0,include
516,1,include
2,3,include
2,4,include
2,5,include
2,6,include
7,8,include
7,9,include
7,10,include
7,11,include
12,13,include
12,15,include
12,16,include
13,14,include
18,19,include
18,20,include
18,21,include
22,23,include
22,24,include
25,26,include
27,28,include
29,30,include
29,31,include
32,33,include
32,34,include
35,36,include
35,37,include
53,445,include
53,388,include
53,359,include
53,281,include
305,332,include
305,333,include
305,334,include
305,335,include
304,328,include
304,329,include
329,330,include
329,331,include
303,323,include
323,326,include
323,327,include
323,324,include
323,325,include
303,322,include
302,319,include
319,320,include
319,321,include
302,318,include
302,317,include
302,316,include
302,315,include
302,313,include
302,312,include
302,311,include
302,314,include
301,309,include
301,310,include
301,308,include
301,306,include
301,307,include
285,341,include
285,342,include
341,343,include
341,344,include
341,345,include
341,346,include
341,347,include
341,348,include
341,349,include
342,350,include
342,351,include
342,352,include
342,353,include
342,354,include
342,355,include
342,356,include
342,357,include
282,287,include
282,288,include
287,289,include
288,290,include
287,291,include
287,292,include
287,293,include
287,294,include
287,295,include
287,296,include
288,297,include
288,298,include
288,299,include
288,340,include
285,358,include
360,361,include
360,362,include
363,364,include
364,365,include
365,366,include
364,367,include
367,368,include
364,369,include
369,370,include
364,371,include
371,372,include
363,373,include
373,374,include
363,376,include
376,377,include
378,379,include
378,380,include
378,381,include
378,382,include
382,383,include
382,384,include
382,385,include
382,386,include
378,387,include
443,389,include
441,390,include
442,391,include
442,392,include
442,393,include
394,395,include
394,396,include
394,397,include
394,399,include
401,402,include
401,403,include
403,404,include
403,405,include
403,406,include
403,407,include
403,408,include
388,409,include
401,410,include
411,412,include
411,413,include
413,414,include
413,415,include
413,416,include
417,418,include
417,419,include
417,420,include
417,421,include
422,424,include
422,425,include
422,426,include
422,427,include
422,428,include
422,429,include
422,430,include
422,431,include
422,432,include
433,434,include
433,435,include
433,436,include
433,437,include
437,438,include
437,439,include
437,440,include
441,442,include
446,447,include
446,448,include
446,449,include
446,450,include
451,452,include
452,454,include
452,455,include
452,456,include
451,457,include
457,459,include
457,460,include
457,461,include
452,462,include
457,462,include
451,463,include
451,464,include
465,466,include
466,467,include
466,468,include
466,469,include
465,470,include
470,471,include
470,472,include
470,473,include
445,474,include
474,475,include
474,476,include
474,477,include
474,478,include
474,479,include
445,480,include
480,481,include
480,482,include
480,483,include
485,486,include
485,487,include
485,488,include
485,489,include
53,300,include
53,500,include
53,17,include
